feature,coef
btc_market_price,246.43189416611523
btc_n_transactions,3.0024080805114917
btc_market_price_std7,0.25164765986104937
btc_trade_volume_log,0.06277188334595679
